{
  "n_samples": 300,
  "cv_accuracy_mean": 0.9266666666666667,
  "cv_accuracy_std": 0.024944382578492942,
  "cv_f1_macro_mean": 0.8589340659340661,
  "cv_f1_macro_std": 0.053102270369134084,
  "label_distribution": {
    "need_repair": 37,
    "need_large_model": 130,
    "small_model_can_handle": 133
  },
  "feature_importances": {
    "n_violations": 0.30833811594954563,
    "n_hard_violations": 0.38515696450598097,
    "n_soft_violations": 0.0,
    "n_format_violations": 0.030428681188590306,
    "n_content_violations": 0.01415778591397971,
    "repair_rounds": 0.0,
    "n_repair_ok": 0.0,
    "n_repair_fail": 0.0,
    "latency_ms": 0.03778361859045449,
    "prompt_tokens": 0.14236925228390565,
    "generation_tokens": 0.02983869516988438,
    "token_ratio": 0.041804652465035404,
    "model_is_qwen": 0.010122233932623525
  },
  "model_path": "data/router/router_gbdt.joblib",
  "router_records_path": "data/router/router_records.jsonl"
}